<?xml version="1.0" encoding="UTF-8"?>
<GenRun Id="synth_1" LaunchPart="xc7z007sclg400-1" LaunchTime="1601200543">
  <File Type="PA-TCL" Name="safe.tcl"/>
  <File Type="REPORTS-TCL" Name="safe_reports.tcl"/>
  <File Type="RDS-RDS" Name="safe.vds"/>
  <File Type="RDS-UTIL" Name="safe_utilization_synth.rpt"/>
  <File Type="RDS-UTIL-PB" Name="safe_utilization_synth.pb"/>
  <File Type="RDS-DCP" Name="safe.dcp"/>
  <FileSet Name="sources" Type="DesignSrcs" RelSrcDir="$PSRCDIR/sources_1">
    <Filter Type="Srcs"/>
    <File Path="$PSRCDIR/sources_1/new/safe.v">
      <FileInfo>
        <Attr Name="ImportPath" Val="$PPRDIR/../../../../../../../../OneDrive/Documents/Xilinx/EE_178/Exam1/Exam1.srcs/sources_1/new/safe.v"/>
        <Attr Name="ImportTime" Val="1601200539"/>
        <Attr Name="UsedIn" Val="synthesis"/>
        <Attr Name="UsedIn" Val="implementation"/>
        <Attr Name="UsedIn" Val="simulation"/>
      </FileInfo>
    </File>
    <Config>
      <Option Name="DesignMode" Val="RTL"/>
      <Option Name="TopModule" Val="safe"/>
      <Option Name="TopAutoSet" Val="TRUE"/>
    </Config>
  </FileSet>
  <FileSet Name="constrs_in" Type="Constrs" RelSrcDir="$PSRCDIR/constrs_1">
    <Filter Type="Constrs"/>
    <File Path="$PSRCDIR/constrs_1/new/safe.xdc">
      <FileInfo>
        <Attr Name="ImportPath" Val="$PPRDIR/../../../../../../../../OneDrive/Documents/Xilinx/EE_178/Exam1/Exam1.srcs/constrs_1/new/safe.xdc"/>
        <Attr Name="ImportTime" Val="1601153913"/>
        <Attr Name="UsedIn" Val="synthesis"/>
        <Attr Name="UsedIn" Val="implementation"/>
      </FileInfo>
    </File>
    <Config>
      <Option Name="ConstrsType" Val="XDC"/>
    </Config>
  </FileSet>
  <FileSet Name="utils" Type="Utils" RelSrcDir="$PSRCDIR/utils_1">
    <Filter Type="Utils"/>
    <Config>
      <Option Name="TopAutoSet" Val="TRUE"/>
    </Config>
  </FileSet>
  <Strategy Version="1" Minor="2">
    <StratHandle Name="Vivado Synthesis Defaults" Flow="Vivado Synthesis 2020"/>
    <Step Id="synth_design"/>
  </Strategy>
</GenRun>
