<?xml version="1.0" encoding="UTF-8"?>
<GenRun Id="impl_1" LaunchPart="xc7z007sclg400-1" LaunchTime="1601200688">
  <File Type="ROUTE-PWR" Name="safe_power_routed.rpt"/>
  <File Type="PA-TCL" Name="safe.tcl"/>
  <File Type="ROUTE-PWR-SUM" Name="safe_power_summary_routed.pb"/>
  <File Type="REPORTS-TCL" Name="safe_reports.tcl"/>
  <File Type="BITSTR-MSK" Name="safe.msk"/>
  <File Type="ROUTE-CLK" Name="safe_clock_utilization_routed.rpt"/>
  <File Type="RDI-RDI" Name="safe.vdi"/>
  <File Type="BG-BIT" Name="safe.bit"/>
  <File Type="BG-DRC" Name="safe.drc"/>
  <File Type="BG-BGN" Name="safe.bgn"/>
  <File Type="BG-BIN" Name="safe.bin"/>
  <File Type="BITSTR-RBT" Name="safe.rbt"/>
  <File Type="BITSTR-NKY" Name="safe.nky"/>
  <File Type="BITSTR-BMM" Name="safe_bd.bmm"/>
  <File Type="ROUTE-METHODOLOGY-DRC" Name="safe_methodology_drc_routed.rpt"/>
  <File Type="BITSTR-MMI" Name="safe.mmi"/>
  <File Type="BITSTR-SYSDEF" Name="safe.sysdef"/>
  <File Type="BITSTR-LTX" Name="debug_nets.ltx"/>
  <File Type="BITSTR-LTX" Name="safe.ltx"/>
  <File Type="WBT-USG" Name="usage_statistics_webtalk.html"/>
  <File Type="OPT-DRC" Name="safe_drc_opted.rpt"/>
  <File Type="OPT-HWDEF" Name="safe.hwdef"/>
  <File Type="PLACE-IO" Name="safe_io_placed.rpt"/>
  <File Type="PLACE-UTIL" Name="safe_utilization_placed.rpt"/>
  <File Type="PLACE-UTIL-PB" Name="safe_utilization_placed.pb"/>
  <File Type="PLACE-CTRL" Name="safe_control_sets_placed.rpt"/>
  <File Type="PLACE-PRE-SIMILARITY" Name="safe_incremental_reuse_pre_placed.rpt"/>
  <File Type="ROUTE-DRC" Name="safe_drc_routed.rpt"/>
  <File Type="ROUTE-DRC-PB" Name="safe_drc_routed.pb"/>
  <File Type="ROUTE-PWR-RPX" Name="safe_power_routed.rpx"/>
  <File Type="ROUTE-STATUS" Name="safe_route_status.rpt"/>
  <File Type="ROUTE-STATUS-PB" Name="safe_route_status.pb"/>
  <File Type="ROUTE-DCP" Name="safe_routed.dcp"/>
  <File Type="ROUTE-ERROR-DCP" Name="safe_routed_error.dcp"/>
  <File Type="ROUTE-BLACKBOX-DCP" Name="safe_routed_bb.dcp"/>
  <File Type="ROUTE-TIMINGSUMMARY" Name="safe_timing_summary_routed.rpt"/>
  <File Type="ROUTE-TIMING-PB" Name="safe_timing_summary_routed.pb"/>
  <File Type="ROUTE-TIMING-RPX" Name="safe_timing_summary_routed.rpx"/>
  <File Type="ROUTE-BUS-SKEW" Name="safe_bus_skew_routed.rpt"/>
  <File Type="ROUTE-BUS-SKEW-PB" Name="safe_bus_skew_routed.pb"/>
  <File Type="ROUTE-BUS-SKEW-RPX" Name="safe_bus_skew_routed.rpx"/>
  <File Type="OPT-DCP" Name="safe_opt.dcp"/>
  <File Type="PLACE-DCP" Name="safe_placed.dcp"/>
  <File Type="PWROPT-DCP" Name="safe_pwropt.dcp"/>
  <File Type="POSTPLACE-PWROPT-DCP" Name="safe_postplace_pwropt.dcp"/>
  <File Type="PHYSOPT-DCP" Name="safe_physopt.dcp"/>
  <File Type="POSTROUTE-PHYSOPT-DCP" Name="safe_postroute_physopt.dcp"/>
  <File Type="POSTROUTE-PHYSOPT-BLACKBOX-DCP" Name="safe_postroute_physopt_bb.dcp"/>
  <File Type="ROUTE-METHODOLOGY-DRC-PB" Name="safe_methodology_drc_routed.pb"/>
  <File Type="ROUTE-DRC-RPX" Name="safe_drc_routed.rpx"/>
  <File Type="ROUTE-METHODOLOGY-DRC-RPX" Name="safe_methodology_drc_routed.rpx"/>
  <File Type="PDI-FILE" Name="safe.pdi"/>
  <File Type="RCFI_FILE" Name="safe.rcfi"/>
  <File Type="CFI_FILE" Name="safe.cfi"/>
  <File Type="RNPI_FILE" Name="safe.rnpi"/>
  <File Type="NPI_FILE" Name="safe.npi"/>
  <File Type="RBD_FILE" Name="safe.rbd"/>
  <FileSet Name="sources" Type="DesignSrcs" RelSrcDir="$PSRCDIR/sources_1">
    <Filter Type="Srcs"/>
    <File Path="$PSRCDIR/sources_1/new/safe.v">
      <FileInfo>
        <Attr Name="ImportPath" Val="$PPRDIR/../../../../../../../../OneDrive/Documents/Xilinx/EE_178/Exam1/Exam1.srcs/sources_1/new/safe.v"/>
        <Attr Name="ImportTime" Val="1601200539"/>
        <Attr Name="UsedIn" Val="synthesis"/>
        <Attr Name="UsedIn" Val="implementation"/>
        <Attr Name="UsedIn" Val="simulation"/>
      </FileInfo>
    </File>
    <Config>
      <Option Name="DesignMode" Val="RTL"/>
      <Option Name="TopModule" Val="safe"/>
      <Option Name="TopAutoSet" Val="TRUE"/>
    </Config>
  </FileSet>
  <FileSet Name="constrs_in" Type="Constrs" RelSrcDir="$PSRCDIR/constrs_1">
    <Filter Type="Constrs"/>
    <File Path="$PSRCDIR/constrs_1/new/safe.xdc">
      <FileInfo>
        <Attr Name="ImportPath" Val="$PPRDIR/../../../../../../../../OneDrive/Documents/Xilinx/EE_178/Exam1/Exam1.srcs/constrs_1/new/safe.xdc"/>
        <Attr Name="ImportTime" Val="1601153913"/>
        <Attr Name="UsedIn" Val="synthesis"/>
        <Attr Name="UsedIn" Val="implementation"/>
      </FileInfo>
    </File>
    <Config>
      <Option Name="ConstrsType" Val="XDC"/>
    </Config>
  </FileSet>
  <FileSet Name="utils" Type="Utils" RelSrcDir="$PSRCDIR/utils_1">
    <Filter Type="Utils"/>
    <Config>
      <Option Name="TopAutoSet" Val="TRUE"/>
    </Config>
  </FileSet>
  <Strategy Version="1" Minor="2">
    <StratHandle Name="Vivado Implementation Defaults" Flow="Vivado Implementation 2020"/>
    <Step Id="init_design"/>
    <Step Id="opt_design"/>
    <Step Id="power_opt_design"/>
    <Step Id="place_design"/>
    <Step Id="post_place_power_opt_design"/>
    <Step Id="phys_opt_design"/>
    <Step Id="route_design"/>
    <Step Id="post_route_phys_opt_design"/>
    <Step Id="write_bitstream"/>
    <Step Id="write_device_image"/>
  </Strategy>
</GenRun>
